category,image_id,ecg_id,baseline_status,candidate_status,status_changed,median_correlation_delta,median_rmse_mv_delta,median_snr_db_delta,median_gain_error_delta,elapsed_seconds_delta,baseline_quality_gate,candidate_quality_gate
photos_bents,81,LPAE_00232_hr,success,success,False,0.3206523757041039,-0.07765098059701464,2.0694486196782735,0.10984098018985122,-1.9942946669889352,reject,reject
photos_crumbles,81,LPAE_00232_hr,success,success,False,-0.005493274716156682,-0.003772594310576749,0.03980139221988166,0.01098704355404867,-0.8177463750089373,reject,reject
photos_doogee,81,LPAE_00232_hr,success,success,False,0.02361357908097106,0.003982064904875127,0.033336274783200004,-0.021198430908786037,0.7403137509936641,accept,accept
photos_iphone,81,LPAE_00232_hr,success,success,False,-0.0005026679581195959,-0.00021377696374880184,-0.001021596836736638,0.002787900541941668,0.35964179099210014,warn,warn
photos_samsung,81,LPAE_00232_hr,success,success,False,-0.0006943782607929938,-0.0020458969256203358,-0.0020621397559423826,0.002438116088343767,-2.9840899579903635,warn,accept
photos_scans,81,LPAE_00232_hr,success,success,False,-0.0006461952923024761,0.0002560214794143645,-0.030332179759318123,-0.0013012556709295353,1.069944500008205,warn,warn
photos_screens,81,LPAE_00232_hr,success,success,False,0.02350959754416282,0.0006372320720895164,-0.028642625115449682,-0.0007269877529809676,-0.4277257500016276,reject,reject
photos_bents,10,LPAE_04827_hr,success,success,False,0.1782979469861642,-0.01230111022899777,0.6718871700728573,0.0029866650075107692,0.20092991599267407,reject,reject
photos_crumbles,10,LPAE_04827_hr,success,success,False,0.015133183204772305,0.001810093960360637,0.3390058522687318,0.012154998226842406,0.9098732079892216,reject,reject
photos_doogee,10,LPAE_04827_hr,success,success,False,-0.0007426432921553427,0.0002368864938731563,-0.058022129606202455,-0.0015985032730555515,2.6614390830036427,reject,reject
photos_iphone,10,LPAE_04827_hr,success,success,False,0.00012168915404553449,-6.096951127906869e-05,0.0028607982148090016,0.0020680079593148326,1.3476327910011605,warn,warn
photos_samsung,10,LPAE_04827_hr,success,success,False,-0.0028197935529614693,5.089660535695373e-05,0.06009769466732884,0.002278677897926018,2.5427822079964244,warn,warn
photos_scans,10,LPAE_04827_hr,success,success,False,0.0,0.0,0.0,0.0,3.1856056670076214,accept,accept
photos_screens,10,LPAE_04827_hr,success,success,False,0.01929057275161772,-0.0016953095687961273,0.038092052666694354,0.006377439873109236,2.8355957500043587,warn,warn
photos_bents,40,LPAE_09275_hr,success,success,False,0.007231555111033572,-0.004721509446460992,-0.002902091366181303,-0.004705428754474106,2.988826208998944,reject,reject
photos_crumbles,40,LPAE_09275_hr,success,success,False,0.46466972588153,-0.10244840642685077,4.008684183139428,0.027415222670004624,2.634008207996885,reject,reject
photos_doogee,40,LPAE_09275_hr,success,success,False,-0.0007878909404817058,0.00013217498882314022,0.02184069432901481,0.001227359843965825,3.59230454200042,accept,accept
photos_iphone,40,LPAE_09275_hr,success,success,False,-0.000279514494989308,0.0001675890147276593,0.01457626098909337,0.001450228339788473,0.43610629200156836,warn,warn
photos_samsung,40,LPAE_09275_hr,success,success,False,-0.0008467720242048005,-0.00112611751238844,0.2503433590090438,0.0007377281414786552,1.3235954159881658,accept,accept
photos_scans,40,LPAE_09275_hr,success,success,False,0.0,0.0,0.0,0.0,1.8867452499962383,warn,warn
photos_screens,40,LPAE_09275_hr,success,success,False,0.019482768258928806,-0.0011804348168122647,0.15446386155263536,0.00488961447541314,3.1323713330039027,reject,reject
photos_bents,42,LPAE_09545_hr,success,success,False,0.0019539952604468724,0.00027334736430056905,-0.035254866407484764,-0.006116498240871793,-1.6989585409955907,reject,reject
photos_crumbles,42,LPAE_09545_hr,success,success,False,0.06921213270357274,-0.0021117097535010287,0.13458303118485931,-0.002539239259510273,5.200625792005667,reject,reject
photos_doogee,42,LPAE_09545_hr,success,success,False,-0.0008778730210514674,0.00043053187194420917,0.011741071757860766,0.003589237612741325,1.094333542010645,accept,accept
photos_iphone,42,LPAE_09545_hr,success,success,False,0.0058355453400267265,-0.0020622089424569,0.20832247077745425,0.0012300693663906959,2.695148998993318,warn,warn
photos_samsung,42,LPAE_09545_hr,success,success,False,0.0,0.0,0.0,0.0,2.1893952089994855,accept,accept
photos_scans,42,LPAE_09545_hr,success,success,False,0.0,0.0,0.0,0.0,1.9426064590115857,reject,reject
photos_screens,42,LPAE_09545_hr,success,success,False,-0.5336615673652497,0.09335971535403234,-4.567462580344592,0.04294085057644614,-3.2342283749967464,warn,reject
photos_bents,43,LPAE_09754_hr,success,success,False,0.012142791722258628,-0.0018119610561578847,0.15461099804736955,-0.0007185048349903633,7.206522542004677,warn,warn
photos_crumbles,43,LPAE_09754_hr,success,success,False,-0.025091278176151643,0.021478203934277407,0.1307709826861101,-0.0018741668550953383,6.281143832997259,warn,reject
photos_doogee,43,LPAE_09754_hr,success,success,False,-0.007386334638500136,-0.0016655909714432537,-0.3575449349658797,0.0002509419865689422,2.6359866250058985,accept,accept
photos_iphone,43,LPAE_09754_hr,success,success,False,0.0030686286703244248,0.00043215284262786147,0.3505470414841465,-0.000290680683092126,-2.813479999995252,warn,accept
photos_samsung,43,LPAE_09754_hr,success,success,False,-0.005710718104798396,0.0009866636150334604,-0.014312520515233018,0.00825727061941095,5.581584750012553,warn,warn
photos_scans,43,LPAE_09754_hr,success,success,False,1.393624105006097e-10,6.125187579364422e-10,0.10101434155826361,-0.00014122077498301966,2.0251935830056027,warn,warn
photos_screens,43,LPAE_09754_hr,success,success,False,-0.0014790732030731668,-0.0028448318904695236,-0.05255289419598519,0.0026590506989856433,3.5088458340032957,warn,warn
photos_bents,92,LPAE_14680_hr,success,success,False,-0.04061354104447343,0.0033556384765942304,-0.30192765313299574,-0.036279622118276955,-20.516508874001374,reject,reject
photos_crumbles,92,LPAE_14680_hr,success,success,False,-0.002834397834439617,0.0038683007617260623,0.029215954110553374,0.011230411686706354,-5.289066750003258,reject,reject
photos_doogee,92,LPAE_14680_hr,success,success,False,-0.006199461063271516,0.0006307185711667967,-0.18680154895296752,0.005690079270103121,-9.996633915998245,warn,warn
photos_iphone,92,LPAE_14680_hr,success,success,False,0.0003819477503163027,-0.00011018178598634631,0.007208526097236323,0.002404375407355386,-15.790347875998123,warn,warn
photos_samsung,92,LPAE_14680_hr,success,success,False,0.0017937875795386304,1.539658145899292e-05,0.06448287860992608,0.002326417800143199,-16.304363959008697,warn,accept
photos_scans,92,LPAE_14680_hr,success,success,False,-0.004310411157542049,-0.00032664341839944155,-0.07675905825635887,-0.0031212254907705406,-6.406119833005505,accept,accept
photos_screens,92,LPAE_14680_hr,success,success,False,0.4278094095350521,-0.05423799991822098,3.1176354350132494,-0.01567513298933798,-22.77109579200078,warn,reject
photos_bents,14,LPAE_17226_hr,success,success,False,-0.0012688119093643424,0.027529159898216693,-1.249248561172358,-0.1710937948426926,2.3490100420003728,reject,reject
photos_crumbles,14,LPAE_17226_hr,success,success,False,0.007751005261409483,0.049046822575853355,0.06924355769576701,0.03641031877147649,2.345332206994499,reject,reject
photos_doogee,14,LPAE_17226_hr,success,success,False,-0.01691921848513811,0.004221550578781624,-0.49428526568981557,-0.02947219325676742,2.268953834003696,warn,warn
photos_iphone,14,LPAE_17226_hr,success,success,False,0.5001810241952562,-0.0036507345004211933,2.5822917680552577,0.019675388997916765,2.4769100829926174,warn,warn
photos_samsung,14,LPAE_17226_hr,success,success,False,0.010805330589310547,-0.0031170878914000832,0.01347973623490617,-0.0009272776553828077,-1.9916948760073865,accept,accept
photos_scans,14,LPAE_17226_hr,success,success,False,0.00045124323456083304,-0.0038629555251806225,0.0006656432833533898,0.00017695512560844673,0.9692442089963151,warn,warn
photos_screens,14,LPAE_17226_hr,success,success,False,-0.6312919912106316,0.2068915786440966,-5.328729005476639,-0.047836352417487404,3.4581279999856633,reject,reject
photos_bents,82,LPAE_19269_hr,success,success,False,0.10688457903277321,5.921188287949519e-05,0.6209387396057021,0.008468545978638997,-1.532028084000558,reject,reject
photos_crumbles,82,LPAE_19269_hr,success,success,False,-0.003846452971709935,0.0006510394778007633,0.06264161011890512,0.002063682511931564,-3.8009707079982036,reject,reject
photos_doogee,82,LPAE_19269_hr,success,success,False,0.005522701943901698,-0.010411929806126027,0.4544365062952931,-0.004455771040457579,-0.2828385419998085,warn,warn
photos_iphone,82,LPAE_19269_hr,success,success,False,0.5772923026949106,-0.07917509076230578,4.602562661660977,-0.4790474053707915,-4.998326666995126,reject,warn
photos_samsung,82,LPAE_19269_hr,success,success,False,0.045483661690115085,-0.001397825981143741,1.2380551678689056,0.0012252368275785797,-0.9867823750046227,accept,accept
photos_scans,82,LPAE_19269_hr,success,success,False,0.0,0.0,0.0,0.0,-1.490159417007817,accept,accept
photos_screens,82,LPAE_19269_hr,success,success,False,-0.06429153738972515,0.025602344765641244,-1.05974936625188,-0.05241822356832371,-3.9463267079900106,warn,warn
photos_bents,80,LPAE_19394_hr,success,success,False,0.27898445593125415,-0.05207543689088266,1.0711430822947636,0.13529800157669958,0.13530099999297818,reject,reject
photos_crumbles,80,LPAE_19394_hr,success,success,False,0.035650614820926796,-0.002234959335212075,0.12094537466366995,-0.005013863879449687,6.1213587499969435,reject,reject
photos_doogee,80,LPAE_19394_hr,success,success,False,0.000692781996431302,0.000760083081477271,-0.04295114464198946,-0.0036094713087547747,5.494329042012396,warn,warn
photos_iphone,80,LPAE_19394_hr,success,success,False,-0.0004123120037511363,-0.0033210666299473557,0.1821093012892625,0.0035125650754505022,4.193408457997066,warn,warn
photos_samsung,80,LPAE_19394_hr,success,success,False,0.012884324988165274,0.0006218019737844471,0.3110858076173848,0.0023976574629482883,3.7111395410065597,reject,reject
photos_scans,80,LPAE_19394_hr,success,success,False,0.0,0.0,0.0,0.0,-0.5612027909992321,warn,warn
photos_screens,80,LPAE_19394_hr,success,success,False,-0.00011998853847772217,-0.004119116995762076,0.11452502155432853,-0.0025424368442283907,-3.05438358399806,reject,warn
photos_bents,4,LPAE_20999_hr,success,success,False,-0.00011652799108752276,-0.0015950605216222824,-0.018144427750299563,-0.0010481574454135334,0.67691266699876,reject,reject
photos_crumbles,4,LPAE_20999_hr,success,success,False,0.01957798334186578,0.005927074680148664,-0.36276509363311327,-0.014907781483298077,0.768970791998072,reject,reject
photos_doogee,4,LPAE_20999_hr,success,success,False,0.0004017442011349237,0.00114805781734173,0.03843319647329224,0.002868128949229054,1.635825751003722,warn,warn
photos_iphone,4,LPAE_20999_hr,success,success,False,0.0007609564476717123,-0.000269322839384592,0.1391958015473076,-0.0009446437535839403,0.36224945800677233,reject,reject
photos_samsung,4,LPAE_20999_hr,success,success,False,-0.0002689841790236569,2.8118399841313424e-05,0.003335796019598547,0.0006876655115563013,2.012327832997471,warn,warn
photos_scans,4,LPAE_20999_hr,success,success,False,0.0,0.0,0.0,0.0,2.750477375004266,warn,warn
photos_screens,4,LPAE_20999_hr,success,success,False,-0.00022089844729866748,9.039808539504368e-05,-0.029808354129976955,-0.0008558611407065708,3.4870613340044656,warn,warn
