category,image_id,image_path,ecg_id,layout,status,elapsed_seconds,error,layout_name,nonzero_leads_count,einthoven_score,median_correlation,mean_correlation,minimum_correlation,median_normalized_rmse,median_rmse_mv,median_snr_db,median_gain_ratio
photos_bents,4,photos_bents/img_4_page_0.jpeg,LPAE_20999_hr,3x4+1R,success,8.013197582999055,,3x4+1R,12,0.023459108696061774,0.8047097198179995,0.7162288042358188,0.1964823674615122,0.6244886587494238,0.08414544851254993,3.6522080145211335,0.9486512489417391
photos_crumbles,4,photos_crumbles/img_4_page_0.jpeg,LPAE_20999_hr,3x4+1R,success,7.9965167499995005,,3x4+1R,12,-0.18454662174772823,0.6354109671041416,0.6266134068496577,0.017742828535121644,0.843441542436501,0.10140054803054066,1.8865079069278567,0.9000978832123707
photos_doogee,4,photos_doogee/img_4_page_0.jpeg,LPAE_20999_hr,3x4+1R,success,6.998229790999176,,3x4+1R,12,0.6053437639434084,0.9572001571039955,0.9310642743724858,0.6709571750964445,0.29256435285842575,0.051518046975866705,9.100131545526352,0.9366280897186263
photos_iphone,4,photos_iphone/img_4_page_0.jpeg,LPAE_20999_hr,3x4+1R,success,14.367327124999065,,3x4+1R,12,0.04047519699887533,0.9714595323390098,0.9544490098396688,0.8421931365850239,0.23814861660193296,0.04479569168664477,10.354987246299638,0.9273567973549044
photos_samsung,4,photos_samsung/img_4_page_0.jpeg,LPAE_20999_hr,3x4+1R,success,6.072496499999033,,3x4+1R,12,0.6144173856305434,0.9554742233792592,0.9487053605562944,0.9002214583357654,0.29515638196706073,0.05156679765280695,8.722549881979589,0.9232367407696712
photos_scans,4,photos_scans/img_4_page_0.jpeg,LPAE_20999_hr,3x4+1R,success,13.547087999999349,,3x4+1R,12,0.9513528997415389,0.9832111895681739,0.9781369370786567,0.9210222209573916,0.1826404612243727,0.03546482903081633,11.46029076835478,0.9279502263287762
photos_screens,4,photos_screens/img_4_page_0.jpeg,LPAE_20999_hr,3x4+1R,success,13.533409207999284,,3x4+1R,12,0.5148530434876231,0.85939609640971,0.8527874326924972,0.6683579881570537,0.5302299647316759,0.08345646680610751,5.542125197855323,0.8723477501601322
photos_bents,10,photos_bents/img_10_page_0.jpeg,LPAE_04827_hr,3x4+1R,success,12.738073209000504,,3x4+1R,12,-0.13289748050546327,0.3602206109216589,0.3657689706090053,0.006822705550388643,1.1310978424041802,0.18506195057994373,-0.02803715294411077,0.7778379865799319
photos_crumbles,10,photos_crumbles/img_10_page_0.jpeg,LPAE_04827_hr,3x4+1R,success,5.376825792000091,,3x4+1R,12,0.4553656530128862,0.7003794132519213,0.7222361013767348,0.48195578541396045,0.7740927888033993,0.1313809699299075,2.068373113033145,0.8590166838927769
photos_doogee,10,photos_doogee/img_10_page_0.jpeg,LPAE_04827_hr,3x4+1R,success,5.110126042000047,,3x4+1R,11,0.02546315853814421,0.9432048602307845,0.6669475955723861,-0.04860442435664732,0.33558402574453244,0.09927050441722357,7.005409136075713,0.8889068886502594
photos_iphone,10,photos_iphone/img_10_page_0.jpeg,LPAE_04827_hr,3x4+1R,success,5.229077541998777,,3x4+1R,12,0.6348209045793547,0.8780250662870044,0.8663445107434026,0.653248586819006,0.4928995654889132,0.10477349044544226,4.849580283910494,0.8765341992066241
photos_samsung,10,photos_samsung/img_10_page_0.jpeg,LPAE_04827_hr,3x4+1R,success,5.061030625000058,,3x4+1R,12,0.717139242872663,0.9410854783244847,0.9205125087923803,0.8006979349819696,0.34319841733885725,0.08322716060676369,6.699488748248886,0.8800601723033306
photos_scans,10,photos_scans/img_10_page_0.jpeg,LPAE_04827_hr,3x4+1R,success,11.221526749999612,,3x4+1R,12,0.9765015348103409,0.9711376564525918,0.9648119927795227,0.9095511156345724,0.2402325497364482,0.07524819084210066,8.804143504003456,0.9096732014933537
photos_screens,10,photos_screens/img_10_page_0.jpeg,LPAE_04827_hr,3x4+1R,success,5.4617920000000595,,3x4+1R,12,0.6563604484506325,0.7975865564913382,0.7858580287612935,0.566476808922036,0.6350552883287381,0.10900770181971038,3.4690557954488606,0.8414936489149238
photos_bents,14,photos_bents/img_14_page_0.jpeg,LPAE_17226_hr,3x4+1R,success,12.164448666999306,,3x4+1R,11,-0.256505516021909,0.16534947415538565,0.19527862076968008,-0.05187407819692235,1.2379206699836924,0.2602926876881274,-0.5058650090806447,0.7136165766355353
photos_crumbles,14,photos_crumbles/img_14_page_0.jpeg,LPAE_17226_hr,3x4+1R,success,6.761153584000567,,3x4+1R,12,0.4953485620898698,0.31222273543551804,0.38092608176178305,0.029556732959948203,1.171968585211677,0.23391630210007353,-0.44561263832471604,0.8363336635037373
photos_doogee,14,photos_doogee/img_14_page_0.jpeg,LPAE_17226_hr,3x4+1R,success,6.065182457999981,,3x4+1R,11,0.9032138107335085,0.8722713062350462,0.7513193995137456,0.0,0.5051291133184883,0.14504611928571204,5.704051305432325,0.863361265167554
photos_iphone,14,photos_iphone/img_14_page_0.jpeg,LPAE_17226_hr,3x4+1R,success,6.2678250830012985,,3x4+1R,12,0.6640763117309677,0.1480076541623454,0.2318542949329868,-0.04947317615646866,1.305352143399233,0.2680949447191835,-1.3503541955846772,0.894085695436183
photos_samsung,14,photos_samsung/img_14_page_0.jpeg,LPAE_17226_hr,3x4+1R,success,10.45051679199969,,3x4+1R,12,0.9458295045702934,0.7930657955717512,0.7714472352575705,0.3996123302065248,0.6429557637094034,0.11960940205633991,3.838987562432484,0.8850932790080355
photos_scans,14,photos_scans/img_14_page_0.jpeg,LPAE_17226_hr,3x4+1R,success,6.767800874999011,,3x4+1R,12,0.9421608813017422,0.10131796208585736,0.09638980768788374,-0.037023633697393615,1.3406550213424473,0.3457930378819121,-2.4359781009524877,0.9492950445823147
photos_screens,14,photos_screens/img_14_page_0.jpeg,LPAE_17226_hr,3x4+1R,success,14.047488875001363,,3x4+1R,12,0.37763970957138465,0.743790015687882,0.7026437643622203,0.3336271599659181,0.7149364225414803,0.1647821210398064,3.0619696047630702,0.8718838505865179
photos_bents,40,photos_bents/img_40_page_0.jpeg,LPAE_09275_hr,3x4+1R,success,18.498007124999276,,3x4+1R,12,0.46016038745634125,0.5364697039802602,0.5095638009084267,0.14578374516713297,0.9620226405554677,0.17936014467515254,0.44528504425506427,0.9476699494349066
photos_crumbles,40,photos_crumbles/img_40_page_0.jpeg,LPAE_09275_hr,3x4+1R,success,10.044727583999702,,3x4+1R,12,0.21498144424292667,0.2601395483064306,0.26869215485098696,0.057378210092279655,1.215845998532765,0.23368545311868105,-1.7115126737667707,1.057845378253219
photos_doogee,40,photos_doogee/img_40_page_0.jpeg,LPAE_09275_hr,3x4+1R,success,5.760750583000117,,3x4+1R,12,0.9926616563928663,0.9747137244801427,0.9648619172128835,0.9147954346014984,0.2246724387429727,0.054784005318577876,9.619854338033623,0.9377224961535999
photos_iphone,40,photos_iphone/img_40_page_0.jpeg,LPAE_09275_hr,3x4+1R,success,11.860094333000234,,3x4+1R,12,0.9772280408018904,0.976893844152492,0.9648481485007548,0.9144141432475354,0.21496539602931344,0.053639182494998716,9.48917136051778,0.9555352242331654
photos_samsung,40,photos_samsung/img_40_page_0.jpeg,LPAE_09275_hr,3x4+1R,success,5.653553666999869,,3x4+1R,12,0.9586599084926327,0.9555984344607378,0.9271568802922476,0.6924630116327243,0.2977469294429005,0.055560946026664566,9.479166241540444,0.9568093757601828
photos_scans,40,photos_scans/img_40_page_0.jpeg,LPAE_09275_hr,3x4+1R,success,9.595484084000418,,3x4+1R,12,0.9970778181069698,0.9895565128129274,0.9766713912402154,0.9100014018848087,0.1444726737226083,0.04626084926347343,10.962361923950379,0.9495615613125823
photos_screens,40,photos_screens/img_40_page_0.jpeg,LPAE_09275_hr,3x4+1R,success,10.178159208999205,,3x4+1R,12,0.7696446972405451,0.5011479813686857,0.5050118923770331,-0.0038969547604431965,0.9716073528495528,0.18645097029516083,0.19073454914618926,0.9290570854525111
photos_bents,42,photos_bents/img_42_page_0.jpeg,LPAE_09545_hr,3x4+1R,success,9.642517999998745,,3x4+1R,12,0.11543353190922624,0.19994583844869207,0.2482361171926989,-0.03612411220203639,1.264879588667392,0.23232257373078713,-1.8090975498323654,0.9281995086619971
photos_crumbles,42,photos_crumbles/img_42_page_0.jpeg,LPAE_09545_hr,3x4+1R,success,9.85649333299989,,3x4+1R,12,0.26347876407692583,0.4329352133926325,0.4645044487576135,0.017708725952679093,1.0647993388590296,0.1856921028849329,-0.2158305133751714,0.9216372337793448
photos_doogee,42,photos_doogee/img_42_page_0.jpeg,LPAE_09545_hr,3x4+1R,success,7.031254583000191,,3x4+1R,12,0.9812876882971323,0.9637388759072832,0.9430895540894024,0.7429118325925763,0.2692834779130983,0.052385070515494805,11.08844597963018,0.9429277269467515
photos_iphone,42,photos_iphone/img_42_page_0.jpeg,LPAE_09545_hr,3x4+1R,success,5.291307292000056,,3x4+1R,12,0.8093597255974055,0.8829541208713234,0.7403037705214208,0.008724575745600588,0.4837525565997969,0.08189496393695017,6.1968710361049375,0.9472636491680881
photos_samsung,42,photos_samsung/img_42_page_0.jpeg,LPAE_09545_hr,3x4+1R,success,5.484251290999964,,3x4+1R,12,0.9206656491922893,0.9591191117096681,0.9463013064940725,0.8682708456384329,0.2854343704775557,0.05592050521858259,10.053472328056959,0.9466000640124357
photos_scans,42,photos_scans/img_42_page_0.jpeg,LPAE_09545_hr,3x4+1R,success,6.290031041000475,,3x4+1R,12,0.39825151765654093,0.239191133927657,0.2163549208107632,-0.0764435043887698,1.2335360122464536,0.21227242699465196,-0.8752715474460939,0.9213652447295705
photos_screens,42,photos_screens/img_42_page_0.jpeg,LPAE_09545_hr,3x4+1R,success,11.26791966699966,,3x4+1R,12,0.8826394231352762,0.7560250619132197,0.5784288254079744,0.0001359909252735155,0.6981603255495671,0.12355804902606818,3.3087296492747518,0.9424596714296456
photos_bents,43,photos_bents/img_43_page_0.jpeg,LPAE_09754_hr,3x4+1R,success,9.931837542000721,,3x4+1R,12,0.39698151155556655,0.7349229910209277,0.7260617666308953,0.38412345296417205,0.7281167482574034,0.14624562794249946,2.7844093893438404,0.9341946881354328
photos_crumbles,43,photos_crumbles/img_43_page_0.jpeg,LPAE_09754_hr,3x4+1R,success,13.08776675000081,,3x4+1R,12,0.7028791691746429,0.5616460565251065,0.5282605783406917,-0.03424421400178201,0.9354584487465315,0.17501680365484887,1.0167809417213654,0.8796417877018133
photos_doogee,43,photos_doogee/img_43_page_0.jpeg,LPAE_09754_hr,3x4+1R,success,5.776014082999609,,3x4+1R,12,0.9443914503250221,0.9558451269708351,0.9486648789524109,0.8026707253185967,0.2964500608164937,0.06531373410464412,9.523041239972514,0.9425966118764129
photos_iphone,43,photos_iphone/img_43_page_0.jpeg,LPAE_09754_hr,3x4+1R,success,11.544753749998563,,3x4+1R,12,0.984484791802761,0.9529918278069159,0.9501747580051053,0.8876710292480835,0.3062744819110086,0.07422916509020916,9.287424700939814,0.9473443769206625
photos_samsung,43,photos_samsung/img_43_page_0.jpeg,LPAE_09754_hr,3x4+1R,success,9.653720207999868,,3x4+1R,12,0.9795537335725059,0.9774563281722732,0.9718421568986165,0.9131270862086313,0.21233756417001118,0.0611072418585883,11.596363960890361,0.9558941732865187
photos_scans,43,photos_scans/img_43_page_0.jpeg,LPAE_09754_hr,3x4+1R,success,10.59614566700111,,3x4+1R,12,0.9963061540529187,0.992272938523524,0.9846708774143957,0.9424957356738035,0.12313650022222938,0.03617006978955414,14.164963030948195,0.9585941711223738
photos_screens,43,photos_screens/img_43_page_0.jpeg,LPAE_09754_hr,3x4+1R,success,13.717570041000727,,3x4+1R,12,0.8162312408726898,0.9221107187802589,0.9047349889830083,0.7860108854616277,0.39222677434639264,0.07560867590148362,7.848951422521189,0.9336965264655193
photos_bents,80,photos_bents/img_80_page_0.jpeg,LPAE_19394_hr,3x4+1R,success,15.522171124999659,,3x4+1R,12,0.10113472599636833,0.03943881213820739,0.07885472929408381,-0.06051754719774206,1.3860429399481933,0.16788435471531882,-1.37676276209735,0.8751143091283609
photos_crumbles,80,photos_crumbles/img_80_page_0.jpeg,LPAE_19394_hr,3x4+1R,success,10.876980541999728,,3x4+1R,12,-0.04037827957967519,0.5900317991709303,0.6156819386731832,0.21263444350680571,0.9052770678219688,0.12121323241181327,1.4886928692551558,0.9040645222798867
photos_doogee,80,photos_doogee/img_80_page_0.jpeg,LPAE_19394_hr,3x4+1R,success,6.502683999999135,,3x4+1R,12,0.7281782858765385,0.9335491241830556,0.8743063206584378,0.5404219978291576,0.36455162193246354,0.03841020463643958,8.475403991733959,0.9041637282528759
photos_iphone,80,photos_iphone/img_80_page_0.jpeg,LPAE_19394_hr,3x4+1R,success,8.412676750000173,,3x4+1R,12,0.885080352019754,0.9373060017406165,0.9183205842962243,0.665928219584198,0.35277225844659554,0.043291654318234216,8.359461961359504,0.9125467424846442
photos_samsung,80,photos_samsung/img_80_page_0.jpeg,LPAE_19394_hr,3x4+1R,success,9.021835167000972,,3x4+1R,12,0.4149985620397743,0.8787667232320399,0.8737155554367814,0.8148133919852408,0.4924088003107363,0.05415187326491372,6.324313938110869,0.917862789449098
photos_scans,80,photos_scans/img_80_page_0.jpeg,LPAE_19394_hr,3x4+1R,success,9.656910875000904,,3x4+1R,12,0.992282639800945,0.980202528166701,0.9760434443412613,0.94905427840824,0.19898299744164386,0.02639474438831385,13.067994830416286,0.9327639060320403
photos_screens,80,photos_screens/img_80_page_0.jpeg,LPAE_19394_hr,3x4+1R,success,16.924632542000836,,3x4+1R,12,-0.052194283504725235,0.794727882530874,0.7676135015540919,0.1825376500991767,0.6388631532580856,0.06766186991412172,3.8626126635216713,0.8929076313032034
photos_bents,81,photos_bents/img_81_page_0.jpeg,LPAE_00232_hr,3x4+1R,success,14.576958458999798,,3x4+1R,12,0.5651545638870717,0.050782121998213296,0.10541412410682706,-0.017358186249897354,1.377837200205168,0.2564160198630391,-2.3287059880411625,0.9073422192666263
photos_crumbles,81,photos_crumbles/img_81_page_0.jpeg,LPAE_00232_hr,3x4+1R,success,11.1929159170013,,3x4+1R,12,-0.09925938896253657,0.07901560416333255,0.11488956223247355,0.005045615689305297,1.3571904266156907,0.2602327314797558,-2.742662341030774,0.9798839815148277
photos_doogee,81,photos_doogee/img_81_page_0.jpeg,LPAE_00232_hr,3x4+1R,success,5.0842949580001005,,3x4+1R,12,0.9692459852863216,0.7129913056772177,0.7301554702957528,0.3809161764868788,0.7576393262025827,0.1454984021259389,2.664633967284388,0.874719185485656
photos_iphone,81,photos_iphone/img_81_page_0.jpeg,LPAE_00232_hr,3x4+1R,success,8.243164624998826,,3x4+1R,12,0.9763089336016179,0.8327090091835789,0.8325438628333424,0.5944862440261242,0.577795946505163,0.10611365443152623,3.817315889167458,0.8926884793781271
photos_samsung,81,photos_samsung/img_81_page_0.jpeg,LPAE_00232_hr,3x4+1R,success,8.282093165998958,,3x4+1R,12,0.9566363119665172,0.8522756860408977,0.8237190310261496,0.30249641576218345,0.543492633153439,0.10343152267734132,5.318375032420866,0.8722578127256921
photos_scans,81,photos_scans/img_81_page_0.jpeg,LPAE_00232_hr,3x4+1R,success,8.501586500000485,,3x4+1R,12,0.9883719783807905,0.978115226249718,0.8804279170288204,0.3352548213906109,0.20920481185633583,0.0713877894649494,8.964067128348065,0.9036163300328737
photos_screens,81,photos_screens/img_81_page_0.jpeg,LPAE_00232_hr,3x4+1R,success,15.20856087500033,,3x4+1R,12,0.5913997683950364,0.705383488277955,0.7011909297897726,0.41463267652347535,0.7675575984169031,0.1450278874050201,2.5825832293513904,0.8066690724485768
photos_bents,82,photos_bents/img_82_page_0.jpeg,LPAE_19269_hr,3x4+1R,success,7.467767959000412,,3x4+1R,12,0.26350741884767065,0.4783994779325829,0.5372452868350063,0.06947103065323866,1.0157523094611247,0.1451532969775875,0.13571903525497028,0.823109866990589
photos_crumbles,82,photos_crumbles/img_82_page_0.jpeg,LPAE_19269_hr,3x4+1R,success,15.085510917000647,,Unknown layout,12,0.18535450432407188,0.31222474030547753,0.24118593795565527,-0.022157446509526627,1.1727260257533372,0.2128078308703148,-1.0634925872853789,0.9223606150984927
photos_doogee,82,photos_doogee/img_82_page_0.jpeg,LPAE_19269_hr,3x4+1R,success,9.041126500000246,,3x4+1R,12,0.9788776453005162,0.8204815965818375,0.7975867757205545,0.5847021496431468,0.5990979658506721,0.11686014903213697,2.238312356851967,0.8913531594610928
photos_iphone,82,photos_iphone/img_82_page_0.jpeg,LPAE_19269_hr,3x4+1R,success,12.318893083000148,,3x4+1R,9,0.739703716378813,0.28642107952290746,0.3796038142982958,-0.1744747532803356,1.0,0.16551520986416446,0.08152754847268497,0.42634236920904967
photos_samsung,82,photos_samsung/img_82_page_0.jpeg,LPAE_19269_hr,3x4+1R,success,9.385226874999717,,3x4+1R,12,0.964176904547201,0.8263770177189331,0.8300647042267576,0.6450281657346247,0.589274086842116,0.0955909781404013,4.061630647283373,0.9007062290406777
photos_scans,82,photos_scans/img_82_page_0.jpeg,LPAE_19269_hr,3x4+1R,success,7.409162916999776,,3x4+1R,12,0.9931758752366305,0.9547446296615745,0.9081594046211188,0.5814205801797369,0.29847998371428586,0.07189446332572345,8.079888341525733,0.8888578534815084
photos_screens,82,photos_screens/img_82_page_0.jpeg,LPAE_19269_hr,3x4+1R,success,22.34432354099954,,3x4+1R,12,0.6491268223533493,0.800303189177766,0.7859644773267757,0.5882118302552319,0.6319512527329774,0.10196383209202267,2.1865244245674758,0.8140598777149066
photos_bents,92,photos_bents/img_92_page_0.jpeg,LPAE_14680_hr,3x4+1R,success,32.09000941600061,,3x4+1R,12,0.5881494892322086,0.17268977697454405,0.19310267842481785,-0.009027559012291058,1.2863068033171192,0.2080598392341288,-1.3015785581618848,0.7777872686347536
photos_crumbles,92,photos_crumbles/img_92_page_0.jpeg,LPAE_14680_hr,3x4+1R,success,19.08082016700064,,3x4+1R,12,0.34792377612754444,0.41371132642110786,0.4162018642954742,0.10433916771833461,1.0828560884461194,0.18831373356659864,0.032363602569193795,0.779989112021499
photos_doogee,92,photos_doogee/img_92_page_0.jpeg,LPAE_14680_hr,3x4+1R,success,17.937083332999464,,3x4+1R,12,0.7383932845182385,0.8604674628560847,0.8386191079570305,0.6141623635977779,0.527503390906739,0.11985185721138376,4.112970247341073,0.7855772437077599
photos_iphone,92,photos_iphone/img_92_page_0.jpeg,LPAE_14680_hr,3x4+1R,success,21.257004541999777,,3x4+1R,12,0.861463657013966,0.8384286289912368,0.7590996593180509,0.4314666406732278,0.5635858295899895,0.14331447615676407,2.940298054763194,0.7829872443023834
photos_samsung,92,photos_samsung/img_92_page_0.jpeg,LPAE_14680_hr,3x4+1R,success,23.33776775000115,,3x4+1R,12,0.8970931632417734,0.8853976412829165,0.8567373069851901,0.6140591116832811,0.4787444552009609,0.10940525953436822,4.487467591648844,0.7611641154462978
photos_scans,92,photos_scans/img_92_page_0.jpeg,LPAE_14680_hr,3x4+1R,success,12.505188125000132,,3x4+1R,12,0.9669023434636197,0.9159672064975668,0.9064548133293321,0.7572488267247108,0.40995461435776837,0.09386070686742895,5.92167814112938,0.80188434263233
photos_screens,92,photos_screens/img_92_page_0.jpeg,LPAE_14680_hr,3x4+1R,success,35.76459950000026,,3x4+1R,12,0.9067779046277749,0.2750357919894758,0.3206530930245312,0.046283974891403644,1.2041274126343793,0.20406195652303605,-0.7771667863408965,0.7382676867896758
