category,image_id,image_path,ecg_id,layout,status,error,method,cosine_similarity,mean_abs_probability_difference,agreement_rate
photos_bents,4,photos_bents/img_4_page_0.jpeg,LPAE_20999_hr,3x4+1R,success,,tiled,0.8841995000839233,0.0526740662753582,0.9666666666666667
photos_bents,4,photos_bents/img_4_page_0.jpeg,LPAE_20999_hr,3x4+1R,success,,segment_ensemble,0.8469343781471252,0.05248458683490753,0.9666666666666667
photos_crumbles,4,photos_crumbles/img_4_page_0.jpeg,LPAE_20999_hr,3x4+1R,success,,tiled,0.8327921032905579,0.05886102840304375,0.9733333333333334
photos_crumbles,4,photos_crumbles/img_4_page_0.jpeg,LPAE_20999_hr,3x4+1R,success,,segment_ensemble,0.7852580547332764,0.06802164763212204,0.9466666666666667
photos_doogee,4,photos_doogee/img_4_page_0.jpeg,LPAE_20999_hr,3x4+1R,success,,tiled,0.8692169189453125,0.05904441326856613,0.9666666666666667
photos_doogee,4,photos_doogee/img_4_page_0.jpeg,LPAE_20999_hr,3x4+1R,success,,segment_ensemble,0.8581658005714417,0.0498400516808033,0.9533333333333334
photos_iphone,4,photos_iphone/img_4_page_0.jpeg,LPAE_20999_hr,3x4+1R,success,,tiled,0.9663546085357666,0.02395700290799141,0.9733333333333334
photos_iphone,4,photos_iphone/img_4_page_0.jpeg,LPAE_20999_hr,3x4+1R,success,,segment_ensemble,0.9033946990966797,0.040030211210250854,0.9666666666666667
photos_samsung,4,photos_samsung/img_4_page_0.jpeg,LPAE_20999_hr,3x4+1R,success,,tiled,0.9613310694694519,0.024502582848072052,0.98
photos_samsung,4,photos_samsung/img_4_page_0.jpeg,LPAE_20999_hr,3x4+1R,success,,segment_ensemble,0.9034835696220398,0.038718774914741516,0.9533333333333334
photos_scans,4,photos_scans/img_4_page_0.jpeg,LPAE_20999_hr,3x4+1R,success,,tiled,0.947961151599884,0.02792012132704258,0.9866666666666667
photos_scans,4,photos_scans/img_4_page_0.jpeg,LPAE_20999_hr,3x4+1R,success,,segment_ensemble,0.9108573198318481,0.03648952767252922,0.9666666666666667
photos_screens,4,photos_screens/img_4_page_0.jpeg,LPAE_20999_hr,3x4+1R,success,,tiled,0.8469895720481873,0.0617418996989727,0.9733333333333334
photos_screens,4,photos_screens/img_4_page_0.jpeg,LPAE_20999_hr,3x4+1R,success,,segment_ensemble,0.8247410655021667,0.06158845126628876,0.9333333333333333
photos_bents,10,photos_bents/img_10_page_0.jpeg,LPAE_04827_hr,3x4+1R,success,,tiled,0.8652796745300293,0.054533950984478,0.9666666666666667
photos_bents,10,photos_bents/img_10_page_0.jpeg,LPAE_04827_hr,3x4+1R,success,,segment_ensemble,0.8520856499671936,0.05666836351156235,0.9666666666666667
photos_crumbles,10,photos_crumbles/img_10_page_0.jpeg,LPAE_04827_hr,3x4+1R,success,,tiled,0.8392577767372131,0.05297600477933884,0.98
photos_crumbles,10,photos_crumbles/img_10_page_0.jpeg,LPAE_04827_hr,3x4+1R,success,,segment_ensemble,0.9448583722114563,0.03485943377017975,0.9866666666666667
photos_doogee,10,photos_doogee/img_10_page_0.jpeg,LPAE_04827_hr,3x4+1R,success,,tiled,0.9226869344711304,0.0350409559905529,0.9866666666666667
photos_doogee,10,photos_doogee/img_10_page_0.jpeg,LPAE_04827_hr,3x4+1R,success,,segment_ensemble,0.9825668931007385,0.01865467242896557,1.0
photos_iphone,10,photos_iphone/img_10_page_0.jpeg,LPAE_04827_hr,3x4+1R,success,,tiled,0.8931115865707397,0.0399320162832737,0.9733333333333334
photos_iphone,10,photos_iphone/img_10_page_0.jpeg,LPAE_04827_hr,3x4+1R,success,,segment_ensemble,0.9773100018501282,0.022363033145666122,0.9933333333333333
photos_samsung,10,photos_samsung/img_10_page_0.jpeg,LPAE_04827_hr,3x4+1R,success,,tiled,0.9510897397994995,0.02544214017689228,0.98
photos_samsung,10,photos_samsung/img_10_page_0.jpeg,LPAE_04827_hr,3x4+1R,success,,segment_ensemble,0.9823751449584961,0.019852079451084137,1.0
photos_scans,10,photos_scans/img_10_page_0.jpeg,LPAE_04827_hr,3x4+1R,success,,tiled,0.9635394215583801,0.023546667769551277,0.9866666666666667
photos_scans,10,photos_scans/img_10_page_0.jpeg,LPAE_04827_hr,3x4+1R,success,,segment_ensemble,0.9778704643249512,0.020227890461683273,1.0
photos_screens,10,photos_screens/img_10_page_0.jpeg,LPAE_04827_hr,3x4+1R,success,,tiled,0.899478554725647,0.039172518998384476,0.98
photos_screens,10,photos_screens/img_10_page_0.jpeg,LPAE_04827_hr,3x4+1R,success,,segment_ensemble,0.9792308211326599,0.021558701992034912,0.9866666666666667
photos_bents,14,photos_bents/img_14_page_0.jpeg,LPAE_17226_hr,3x4+1R,success,,tiled,0.793267011642456,0.07611461728811264,0.96
photos_bents,14,photos_bents/img_14_page_0.jpeg,LPAE_17226_hr,3x4+1R,success,,segment_ensemble,0.7885000109672546,0.07403537631034851,0.96
photos_crumbles,14,photos_crumbles/img_14_page_0.jpeg,LPAE_17226_hr,3x4+1R,success,,tiled,0.8327336311340332,0.07378781586885452,0.96
photos_crumbles,14,photos_crumbles/img_14_page_0.jpeg,LPAE_17226_hr,3x4+1R,success,,segment_ensemble,0.8156071305274963,0.06660124659538269,0.9666666666666667
photos_doogee,14,photos_doogee/img_14_page_0.jpeg,LPAE_17226_hr,3x4+1R,success,,tiled,0.8897503018379211,0.057232413440942764,0.9666666666666667
photos_doogee,14,photos_doogee/img_14_page_0.jpeg,LPAE_17226_hr,3x4+1R,success,,segment_ensemble,0.9777783751487732,0.01929054595530033,0.98
photos_iphone,14,photos_iphone/img_14_page_0.jpeg,LPAE_17226_hr,3x4+1R,success,,tiled,0.8080893754959106,0.07484494894742966,0.9533333333333334
photos_iphone,14,photos_iphone/img_14_page_0.jpeg,LPAE_17226_hr,3x4+1R,success,,segment_ensemble,0.8937253355979919,0.05211455374956131,0.9733333333333334
photos_samsung,14,photos_samsung/img_14_page_0.jpeg,LPAE_17226_hr,3x4+1R,success,,tiled,0.8951219916343689,0.05493193864822388,0.9666666666666667
photos_samsung,14,photos_samsung/img_14_page_0.jpeg,LPAE_17226_hr,3x4+1R,success,,segment_ensemble,0.9842074513435364,0.01629515551030636,0.9866666666666667
photos_scans,14,photos_scans/img_14_page_0.jpeg,LPAE_17226_hr,3x4+1R,success,,tiled,0.680554986000061,0.09499916434288025,0.9266666666666666
photos_scans,14,photos_scans/img_14_page_0.jpeg,LPAE_17226_hr,3x4+1R,success,,segment_ensemble,0.7437695860862732,0.08334352821111679,0.9666666666666667
photos_screens,14,photos_screens/img_14_page_0.jpeg,LPAE_17226_hr,3x4+1R,success,,tiled,0.8312394618988037,0.07132285833358765,0.96
photos_screens,14,photos_screens/img_14_page_0.jpeg,LPAE_17226_hr,3x4+1R,success,,segment_ensemble,0.8975217342376709,0.04762362688779831,0.9733333333333334
photos_bents,40,photos_bents/img_40_page_0.jpeg,LPAE_09275_hr,3x4+1R,success,,tiled,0.7243828773498535,0.07822512835264206,0.94
photos_bents,40,photos_bents/img_40_page_0.jpeg,LPAE_09275_hr,3x4+1R,success,,segment_ensemble,0.8882609009742737,0.05344831570982933,0.9533333333333334
photos_crumbles,40,photos_crumbles/img_40_page_0.jpeg,LPAE_09275_hr,3x4+1R,success,,tiled,0.7476407885551453,0.07850538939237595,0.9466666666666667
photos_crumbles,40,photos_crumbles/img_40_page_0.jpeg,LPAE_09275_hr,3x4+1R,success,,segment_ensemble,0.8208979964256287,0.06331692636013031,0.9533333333333334
photos_doogee,40,photos_doogee/img_40_page_0.jpeg,LPAE_09275_hr,3x4+1R,success,,tiled,0.9566252827644348,0.0263799000531435,0.9866666666666667
photos_doogee,40,photos_doogee/img_40_page_0.jpeg,LPAE_09275_hr,3x4+1R,success,,segment_ensemble,0.9839586019515991,0.015880417078733444,0.98
photos_iphone,40,photos_iphone/img_40_page_0.jpeg,LPAE_09275_hr,3x4+1R,success,,tiled,0.9649308919906616,0.027698295190930367,0.98
photos_iphone,40,photos_iphone/img_40_page_0.jpeg,LPAE_09275_hr,3x4+1R,success,,segment_ensemble,0.9867238402366638,0.016245685517787933,0.9733333333333334
photos_samsung,40,photos_samsung/img_40_page_0.jpeg,LPAE_09275_hr,3x4+1R,success,,tiled,0.9341290593147278,0.033076558262109756,0.98
photos_samsung,40,photos_samsung/img_40_page_0.jpeg,LPAE_09275_hr,3x4+1R,success,,segment_ensemble,0.9859630465507507,0.01972644403576851,0.9733333333333334
photos_scans,40,photos_scans/img_40_page_0.jpeg,LPAE_09275_hr,3x4+1R,success,,tiled,0.9579287171363831,0.026163211092352867,0.9733333333333334
photos_scans,40,photos_scans/img_40_page_0.jpeg,LPAE_09275_hr,3x4+1R,success,,segment_ensemble,0.988632082939148,0.01316557452082634,0.9666666666666667
photos_screens,40,photos_screens/img_40_page_0.jpeg,LPAE_09275_hr,3x4+1R,success,,tiled,0.793706476688385,0.07073195278644562,0.9533333333333334
photos_screens,40,photos_screens/img_40_page_0.jpeg,LPAE_09275_hr,3x4+1R,success,,segment_ensemble,0.9509157538414001,0.04164649173617363,0.9666666666666667
photos_bents,42,photos_bents/img_42_page_0.jpeg,LPAE_09545_hr,3x4+1R,success,,tiled,0.7579329013824463,0.07496191561222076,0.94
photos_bents,42,photos_bents/img_42_page_0.jpeg,LPAE_09545_hr,3x4+1R,success,,segment_ensemble,0.8758267760276794,0.05538603290915489,0.9733333333333334
photos_crumbles,42,photos_crumbles/img_42_page_0.jpeg,LPAE_09545_hr,3x4+1R,success,,tiled,0.9118127226829529,0.0457456149160862,0.98
photos_crumbles,42,photos_crumbles/img_42_page_0.jpeg,LPAE_09545_hr,3x4+1R,success,,segment_ensemble,0.9548936486244202,0.033704932779073715,1.0
photos_doogee,42,photos_doogee/img_42_page_0.jpeg,LPAE_09545_hr,3x4+1R,success,,tiled,0.976015567779541,0.020419014617800713,1.0
photos_doogee,42,photos_doogee/img_42_page_0.jpeg,LPAE_09545_hr,3x4+1R,success,,segment_ensemble,0.9958876967430115,0.007685619406402111,0.9933333333333333
photos_iphone,42,photos_iphone/img_42_page_0.jpeg,LPAE_09545_hr,3x4+1R,success,,tiled,0.9433502554893494,0.030139895156025887,0.9733333333333334
photos_iphone,42,photos_iphone/img_42_page_0.jpeg,LPAE_09545_hr,3x4+1R,success,,segment_ensemble,0.9885498881340027,0.01152544841170311,1.0
photos_samsung,42,photos_samsung/img_42_page_0.jpeg,LPAE_09545_hr,3x4+1R,success,,tiled,0.9882675409317017,0.013712050393223763,1.0
photos_samsung,42,photos_samsung/img_42_page_0.jpeg,LPAE_09545_hr,3x4+1R,success,,segment_ensemble,0.9951721429824829,0.008728103712201118,0.9933333333333333
photos_scans,42,photos_scans/img_42_page_0.jpeg,LPAE_09545_hr,3x4+1R,success,,tiled,0.7764880657196045,0.06707198917865753,0.9533333333333334
photos_scans,42,photos_scans/img_42_page_0.jpeg,LPAE_09545_hr,3x4+1R,success,,segment_ensemble,0.8746568560600281,0.049989908933639526,0.9866666666666667
photos_screens,42,photos_screens/img_42_page_0.jpeg,LPAE_09545_hr,3x4+1R,success,,tiled,0.9271485209465027,0.0357307605445385,0.98
photos_screens,42,photos_screens/img_42_page_0.jpeg,LPAE_09545_hr,3x4+1R,success,,segment_ensemble,0.9762265086174011,0.022407853975892067,0.9933333333333333
photos_bents,43,photos_bents/img_43_page_0.jpeg,LPAE_09754_hr,3x4+1R,success,,tiled,0.8977236747741699,0.044289253652095795,0.9533333333333334
photos_bents,43,photos_bents/img_43_page_0.jpeg,LPAE_09754_hr,3x4+1R,success,,segment_ensemble,0.9542924761772156,0.031956396996974945,0.98
photos_crumbles,43,photos_crumbles/img_43_page_0.jpeg,LPAE_09754_hr,3x4+1R,success,,tiled,0.9146245121955872,0.03998412564396858,0.96
photos_crumbles,43,photos_crumbles/img_43_page_0.jpeg,LPAE_09754_hr,3x4+1R,success,,segment_ensemble,0.9273655414581299,0.04748943820595741,0.98
photos_doogee,43,photos_doogee/img_43_page_0.jpeg,LPAE_09754_hr,3x4+1R,success,,tiled,0.9826356172561646,0.020546069368720055,0.9733333333333334
photos_doogee,43,photos_doogee/img_43_page_0.jpeg,LPAE_09754_hr,3x4+1R,success,,segment_ensemble,0.9951431751251221,0.009144514799118042,0.9933333333333333
photos_iphone,43,photos_iphone/img_43_page_0.jpeg,LPAE_09754_hr,3x4+1R,success,,tiled,0.9683985114097595,0.027752120047807693,0.9666666666666667
photos_iphone,43,photos_iphone/img_43_page_0.jpeg,LPAE_09754_hr,3x4+1R,success,,segment_ensemble,0.9665772914886475,0.027351796627044678,0.9933333333333333
photos_samsung,43,photos_samsung/img_43_page_0.jpeg,LPAE_09754_hr,3x4+1R,success,,tiled,0.9606515765190125,0.0284897331148386,0.96
photos_samsung,43,photos_samsung/img_43_page_0.jpeg,LPAE_09754_hr,3x4+1R,success,,segment_ensemble,0.9756091237068176,0.023801354691386223,0.9866666666666667
photos_scans,43,photos_scans/img_43_page_0.jpeg,LPAE_09754_hr,3x4+1R,success,,tiled,0.9572073817253113,0.02870120294392109,0.9733333333333334
photos_scans,43,photos_scans/img_43_page_0.jpeg,LPAE_09754_hr,3x4+1R,success,,segment_ensemble,0.9888583421707153,0.01812177337706089,1.0
photos_screens,43,photos_screens/img_43_page_0.jpeg,LPAE_09754_hr,3x4+1R,success,,tiled,0.9226412773132324,0.042333927005529404,0.9466666666666667
photos_screens,43,photos_screens/img_43_page_0.jpeg,LPAE_09754_hr,3x4+1R,success,,segment_ensemble,0.9545420408248901,0.03335922211408615,0.9866666666666667
photos_bents,80,photos_bents/img_80_page_0.jpeg,LPAE_19394_hr,3x4+1R,success,,tiled,0.7746961116790771,0.07995273172855377,0.9333333333333333
photos_bents,80,photos_bents/img_80_page_0.jpeg,LPAE_19394_hr,3x4+1R,success,,segment_ensemble,0.7923755645751953,0.07690753787755966,0.9333333333333333
photos_crumbles,80,photos_crumbles/img_80_page_0.jpeg,LPAE_19394_hr,3x4+1R,success,,tiled,0.8591340184211731,0.055695127695798874,0.9533333333333334
photos_crumbles,80,photos_crumbles/img_80_page_0.jpeg,LPAE_19394_hr,3x4+1R,success,,segment_ensemble,0.9337968826293945,0.03375883772969246,0.96
photos_doogee,80,photos_doogee/img_80_page_0.jpeg,LPAE_19394_hr,3x4+1R,success,,tiled,0.9514807462692261,0.03271404281258583,0.9666666666666667
photos_doogee,80,photos_doogee/img_80_page_0.jpeg,LPAE_19394_hr,3x4+1R,success,,segment_ensemble,0.9577251076698303,0.02537696436047554,0.9733333333333334
photos_iphone,80,photos_iphone/img_80_page_0.jpeg,LPAE_19394_hr,3x4+1R,success,,tiled,0.8615581393241882,0.05350972339510918,0.9666666666666667
photos_iphone,80,photos_iphone/img_80_page_0.jpeg,LPAE_19394_hr,3x4+1R,success,,segment_ensemble,0.9712663888931274,0.02187691628932953,0.98
photos_samsung,80,photos_samsung/img_80_page_0.jpeg,LPAE_19394_hr,3x4+1R,success,,tiled,0.962835967540741,0.030515221878886223,0.9866666666666667
photos_samsung,80,photos_samsung/img_80_page_0.jpeg,LPAE_19394_hr,3x4+1R,success,,segment_ensemble,0.9862273931503296,0.014624487608671188,0.9866666666666667
photos_scans,80,photos_scans/img_80_page_0.jpeg,LPAE_19394_hr,3x4+1R,success,,tiled,0.91647869348526,0.04270078241825104,0.9733333333333334
photos_scans,80,photos_scans/img_80_page_0.jpeg,LPAE_19394_hr,3x4+1R,success,,segment_ensemble,0.9749252796173096,0.021131079643964767,0.98
photos_screens,80,photos_screens/img_80_page_0.jpeg,LPAE_19394_hr,3x4+1R,success,,tiled,0.9321417808532715,0.04298227280378342,0.9533333333333334
photos_screens,80,photos_screens/img_80_page_0.jpeg,LPAE_19394_hr,3x4+1R,success,,segment_ensemble,0.9339600205421448,0.03855123370885849,0.9666666666666667
photos_bents,81,photos_bents/img_81_page_0.jpeg,LPAE_00232_hr,3x4+1R,success,,tiled,0.682758629322052,0.09521260857582092,0.9266666666666666
photos_bents,81,photos_bents/img_81_page_0.jpeg,LPAE_00232_hr,3x4+1R,success,,segment_ensemble,0.7240261435508728,0.06952764838933945,0.9666666666666667
photos_crumbles,81,photos_crumbles/img_81_page_0.jpeg,LPAE_00232_hr,3x4+1R,success,,tiled,0.7014908194541931,0.09889642149209976,0.92
photos_crumbles,81,photos_crumbles/img_81_page_0.jpeg,LPAE_00232_hr,3x4+1R,success,,segment_ensemble,0.713136613368988,0.07541660964488983,0.9733333333333334
photos_doogee,81,photos_doogee/img_81_page_0.jpeg,LPAE_00232_hr,3x4+1R,success,,tiled,0.9756116271018982,0.024170957505702972,0.9733333333333334
photos_doogee,81,photos_doogee/img_81_page_0.jpeg,LPAE_00232_hr,3x4+1R,success,,segment_ensemble,0.9718170762062073,0.016756443306803703,0.9933333333333333
photos_iphone,81,photos_iphone/img_81_page_0.jpeg,LPAE_00232_hr,3x4+1R,success,,tiled,0.9826937913894653,0.022429633885622025,0.9866666666666667
photos_iphone,81,photos_iphone/img_81_page_0.jpeg,LPAE_00232_hr,3x4+1R,success,,segment_ensemble,0.9820442199707031,0.012489516288042068,0.9933333333333333
photos_samsung,81,photos_samsung/img_81_page_0.jpeg,LPAE_00232_hr,3x4+1R,success,,tiled,0.9248015880584717,0.04364308714866638,0.96
photos_samsung,81,photos_samsung/img_81_page_0.jpeg,LPAE_00232_hr,3x4+1R,success,,segment_ensemble,0.9543513655662537,0.027655286714434624,0.9866666666666667
photos_scans,81,photos_scans/img_81_page_0.jpeg,LPAE_00232_hr,3x4+1R,success,,tiled,0.9803744554519653,0.018185339868068695,0.9933333333333333
photos_scans,81,photos_scans/img_81_page_0.jpeg,LPAE_00232_hr,3x4+1R,success,,segment_ensemble,0.9922491908073425,0.007656973786652088,1.0
photos_screens,81,photos_screens/img_81_page_0.jpeg,LPAE_00232_hr,3x4+1R,success,,tiled,0.8552185893058777,0.07045019418001175,0.94
photos_screens,81,photos_screens/img_81_page_0.jpeg,LPAE_00232_hr,3x4+1R,success,,segment_ensemble,0.8560823202133179,0.04162030667066574,0.98
photos_bents,82,photos_bents/img_82_page_0.jpeg,LPAE_19269_hr,3x4+1R,success,,tiled,0.8332056999206543,0.06550327688455582,0.96
photos_bents,82,photos_bents/img_82_page_0.jpeg,LPAE_19269_hr,3x4+1R,success,,segment_ensemble,0.80885249376297,0.07318482547998428,0.9466666666666667
photos_crumbles,82,photos_crumbles/img_82_page_0.jpeg,LPAE_19269_hr,3x4+1R,success,,tiled,0.8693183064460754,0.06295306980609894,0.96
photos_crumbles,82,photos_crumbles/img_82_page_0.jpeg,LPAE_19269_hr,3x4+1R,success,,segment_ensemble,0.7713346481323242,0.08412915468215942,0.94
photos_doogee,82,photos_doogee/img_82_page_0.jpeg,LPAE_19269_hr,3x4+1R,success,,tiled,0.9101372957229614,0.04398693889379501,0.96
photos_doogee,82,photos_doogee/img_82_page_0.jpeg,LPAE_19269_hr,3x4+1R,success,,segment_ensemble,0.9844521880149841,0.018488390371203423,1.0
photos_iphone,82,photos_iphone/img_82_page_0.jpeg,LPAE_19269_hr,3x4+1R,success,,tiled,0.9207720756530762,0.04516680911183357,0.9733333333333334
photos_iphone,82,photos_iphone/img_82_page_0.jpeg,LPAE_19269_hr,3x4+1R,success,,segment_ensemble,0.8924494981765747,0.052343614399433136,0.9666666666666667
photos_samsung,82,photos_samsung/img_82_page_0.jpeg,LPAE_19269_hr,3x4+1R,success,,tiled,0.8921636939048767,0.04964105039834976,0.96
photos_samsung,82,photos_samsung/img_82_page_0.jpeg,LPAE_19269_hr,3x4+1R,success,,segment_ensemble,0.9777045249938965,0.022427642717957497,0.9866666666666667
photos_scans,82,photos_scans/img_82_page_0.jpeg,LPAE_19269_hr,3x4+1R,success,,tiled,0.9412349462509155,0.032920412719249725,0.9733333333333334
photos_scans,82,photos_scans/img_82_page_0.jpeg,LPAE_19269_hr,3x4+1R,success,,segment_ensemble,0.9893414974212646,0.014339903369545937,1.0
photos_screens,82,photos_screens/img_82_page_0.jpeg,LPAE_19269_hr,3x4+1R,success,,tiled,0.8265239000320435,0.07103177160024643,0.9533333333333334
photos_screens,82,photos_screens/img_82_page_0.jpeg,LPAE_19269_hr,3x4+1R,success,,segment_ensemble,0.8981958031654358,0.05022550746798515,0.96
photos_bents,92,photos_bents/img_92_page_0.jpeg,LPAE_14680_hr,3x4+1R,success,,tiled,0.9274954795837402,0.048010628670454025,0.9666666666666667
photos_bents,92,photos_bents/img_92_page_0.jpeg,LPAE_14680_hr,3x4+1R,success,,segment_ensemble,0.945705771446228,0.03962315618991852,0.9733333333333334
photos_crumbles,92,photos_crumbles/img_92_page_0.jpeg,LPAE_14680_hr,3x4+1R,success,,tiled,0.9326685667037964,0.045156270265579224,0.9666666666666667
photos_crumbles,92,photos_crumbles/img_92_page_0.jpeg,LPAE_14680_hr,3x4+1R,success,,segment_ensemble,0.9197196960449219,0.044057611376047134,0.9733333333333334
photos_doogee,92,photos_doogee/img_92_page_0.jpeg,LPAE_14680_hr,3x4+1R,success,,tiled,0.9669922590255737,0.027323083952069283,0.9733333333333334
photos_doogee,92,photos_doogee/img_92_page_0.jpeg,LPAE_14680_hr,3x4+1R,success,,segment_ensemble,0.9877244234085083,0.017825307324528694,0.9933333333333333
photos_iphone,92,photos_iphone/img_92_page_0.jpeg,LPAE_14680_hr,3x4+1R,success,,tiled,0.9767966866493225,0.025363530963659286,0.98
photos_iphone,92,photos_iphone/img_92_page_0.jpeg,LPAE_14680_hr,3x4+1R,success,,segment_ensemble,0.9852644205093384,0.019531374797225,0.9933333333333333
photos_samsung,92,photos_samsung/img_92_page_0.jpeg,LPAE_14680_hr,3x4+1R,success,,tiled,0.9598842263221741,0.03315011411905289,0.9733333333333334
photos_samsung,92,photos_samsung/img_92_page_0.jpeg,LPAE_14680_hr,3x4+1R,success,,segment_ensemble,0.9733136296272278,0.023268308490514755,0.98
photos_scans,92,photos_scans/img_92_page_0.jpeg,LPAE_14680_hr,3x4+1R,success,,tiled,0.9808732271194458,0.02104474976658821,0.9733333333333334
photos_scans,92,photos_scans/img_92_page_0.jpeg,LPAE_14680_hr,3x4+1R,success,,segment_ensemble,0.9917446970939636,0.015047060325741768,1.0
photos_screens,92,photos_screens/img_92_page_0.jpeg,LPAE_14680_hr,3x4+1R,success,,tiled,0.9365311861038208,0.04274927079677582,0.98
photos_screens,92,photos_screens/img_92_page_0.jpeg,LPAE_14680_hr,3x4+1R,success,,segment_ensemble,0.9377022385597229,0.03774735704064369,0.9733333333333334
